"ID","Total","pct_under_18","pct_18.24","pct_25.34","pct_35.44","pct_45.54","pct_55.64","pct_over_65","pct_less_than_9th_grade","pct_9th_to_12th_grade_no_diploma","pct_high_school_graduate","pct_college_no_degree","pct_associate_degree","pct_bachelor_degree","pct_graduate_professional_degree","pct_never_married","pct_married","pct_seperated_widowed_divorced","pct_below_poverty","pct_above_poverty","pct_white","pct_black","pct_native_american","pct_asian","pct_pacific_islander","pct_other","pct_two_or_more_races","pct_male","pct_female","hasWoman","Winning_Party"
"AK_14",736732,0.253510095937193,0.11512191678928,0.154430647779654,0.126345808245061,0.130795187395145,0.12491923793184,0.0948771059218277,0.0271418405715158,0.0443470801829091,0.283752088040606,0.282831952772122,0.0818791398025149,0.184100148554549,0.0959477500757822,0.346577483105602,0.480806446605425,0.172616070288973,0.112337210873833,0.887662789126167,0.656390654946439,0.0336485994907239,0.140177160758593,0.059607835685161,0.0113949170118849,0.0135286644261414,0.0852521676810563,0.523368063284885,0.476631936715115,0,"Republican"
"AR_14",2966369,0.238048604202646,0.0983744773492441,0.127532683897384,0.126271209010073,0.128410524786363,0.124601153801162,0.156761346953127,0.0562960840554883,0.0903890136932576,0.348903228690712,0.227625895771926,0.0629293431158283,0.138391110813071,0.0754653238597165,0.282409732451639,0.495752214173059,0.221838053375302,0.188660828012221,0.811339171987779,0.78293428767628,0.157846512015194,0.00576158933699752,0.0123231465808873,0.00240967998249712,0.0169854121318015,0.0217393722763419,0.491098039387548,0.508901960612452,0,"Republican"
"CO_14",5355866,0.232855900427681,0.0978848238548164,0.149123409734299,0.135325641082133,0.132803920038328,0.125122622560012,0.126883682302731,0.0413345039410366,0.0532074121005015,0.218670411718575,0.221211378106009,0.0821961337025937,0.240526405210488,0.142853755220796,0.316175175509903,0.502650661905492,0.181174162584605,0.120444539576781,0.879555460423219,0.844005619259332,0.0402261744412575,0.0104154958320466,0.029492522777829,0.00124704389542233,0.0401970474989479,0.034416096295165,0.502738305999441,0.497261694000559,0,"Democratic"
"GA_14",10097343,0.246740256322876,0.101958901465465,0.136189490641251,0.137160439137306,0.137692559319813,0.116575320854209,0.12368303225908,0.0536742854153818,0.0898520894689016,0.28434473651878,0.211271867560528,0.0703336836765602,0.182429830995887,0.10809350636396,0.344129325976043,0.462560763852088,0.193309910171868,0.183020643924144,0.816979356075856,0.598565087865194,0.313312125774077,0.00250570867999631,0.0368104757855606,0.000657400664709518,0.0280148946113844,0.0201343066190779,0.487448925920413,0.512551074079587,0,"Republican"
"IL_14",12880580,0.23172357145408,0.0975709168375958,0.137994251811642,0.13057626287015,0.13733807018007,0.125994636887469,0.138802289958993,0.0522394987612101,0.0660446788522291,0.26688976922995,0.20925270248809,0.0775976504894736,0.201065715824239,0.126909984354808,0.351620187202253,0.474155172975139,0.174224639822607,0.14353776787629,0.85646223212371,0.721275361823769,0.142673311294988,0.00217342697300898,0.0515080842632863,0.000452231188347109,0.0592814143462484,0.0226361701103522,0.490708104759258,0.509291895240742,0,"Democratic"
"IA_14",3107126,0.233524807169069,0.102603177341376,0.125580359470456,0.117714247829023,0.131744576821152,0.130928710325877,0.157904121043047,0.0307407547458858,0.0479848589299444,0.317486403966774,0.2138530707304,0.113396104393489,0.186133064175992,0.0904057430575149,0.289668994119384,0.530438311850435,0.179892694030182,0.12240715614753,0.877592843852469,0.913306380236913,0.0314998490566524,0.00309514322882303,0.0220200275109539,0.000829061969163787,0.00981517968695187,0.0194343583105416,0.497180030677868,0.502819969322132,1,"Republican"
"KY_14",4413457,0.230047103664995,0.097649756188856,0.127543102832995,0.126761176102996,0.138997389121498,0.131039908171757,0.147961563916902,0.0659137410222026,0.0894657252119099,0.338227765680624,0.207060169231334,0.077000021232274,0.130414356252618,0.0919182213690368,0.28363045957206,0.496225754302797,0.220143786125143,0.191221836575595,0.808778163424405,0.874203827067988,0.0793348615382454,0.00238497848738529,0.0123581129259898,0.000600436347289664,0.00976422790569841,0.0213535557274037,0.492620184132303,0.507379815867697,0,"Republican"
"LA_14",4649676,0.239755200147279,0.101986460992121,0.142040864782836,0.124383290362597,0.129750976197051,0.126338265289883,0.135744942228233,0.0569443863601909,0.107235366688797,0.337678325918878,0.21498270976983,0.0539310115895511,0.151554160371786,0.0776740393009676,0.355321599035714,0.432541420707394,0.212136980256892,0.198410764574723,0.801589235425277,0.62781621773216,0.323072833461944,0.0055937230895228,0.0169205338178402,0.000605633596835564,0.00908407381503571,0.016906984486661,0.488661145421745,0.511338854578254,0,"Republican"
"ME_14",1330089,0.193950931103107,0.0847386904184607,0.114490834823835,0.117420713952224,0.151771798729258,0.15526028709357,0.182366743879545,0.0309180566745917,0.0518559902106197,0.323415401388566,0.202728351992429,0.0973789017591074,0.193755100807061,0.0999481971676254,0.286711500504604,0.495956916646572,0.217331582848824,0.14125945028203,0.85874054971797,0.947514038534264,0.0124480391913624,0.00625672417409662,0.0108616791808668,2.7065857998976e-05,0.00221564120897173,0.0206768118524399,0.486901252472579,0.513098747527421,1,"Democratic"
"MA_14",6745408,0.206167662504625,0.103829449604827,0.137681071330304,0.124433540565671,0.146035792052905,0.131294207852216,0.150558276089452,0.0495319325938246,0.0535645034076717,0.249450890145586,0.157041658439598,0.0785965648057055,0.23160973463325,0.180204715974365,0.370976616721916,0.458094225368698,0.170929157909386,0.116324601300956,0.883675398699044,0.792749675038189,0.0707929008890196,0.00231253617275634,0.0612385492471323,0.000197022922853592,0.041499046462423,0.0312102692676262,0.484726646631308,0.515273353368692,0,"Democratic"
"MI_14",9909877,0.224385832437678,0.101486224299252,0.120719157260983,0.120075556941827,0.141239997227009,0.137594139664902,0.154499092168349,0.0321718727195842,0.0692557845378919,0.296510678427219,0.235910051979448,0.0926193674898305,0.165460349298895,0.108071895547131,0.331685612611653,0.47628602447178,0.192028362916567,0.16195710713986,0.83804289286014,0.788767206696915,0.138770037206314,0.00562358140267533,0.0283963161197662,0.000228055302805474,0.0122967217453859,0.025918081526138,0.490950291310376,0.509049708689624,0,"Democratic"
"MN_14",5457173,0.235123203900628,0.0918940997472501,0.137612093294459,0.12315552393153,0.13906595960949,0.130615063880145,0.142534055636499,0.029615668318456,0.0445849692164888,0.256870164677013,0.216186536832524,0.110059051082031,0.22711372350196,0.115569886371527,0.319853683688882,0.51651723048489,0.163629085826229,0.114645670590742,0.885354329409259,0.844202483593612,0.0572516209399995,0.0104328743105634,0.0458757675448442,0.000438322186230856,0.0155884741055488,0.0262104573192017,0.497111416478825,0.502888583521175,0,"Democratic"
"MT_14",1023579,0.219447644002075,0.100731843853772,0.125320077883583,0.112388980235038,0.128493257481836,0.147384813482887,0.166233383060809,0.0216397212042825,0.0522296471940792,0.306337572752748,0.24464036789538,0.0822174319177984,0.194583602787957,0.0983516562477545,0.286165554653816,0.51001649465779,0.203817950688395,0.154269944847047,0.845730055152953,0.893503090626127,0.00567811570968142,0.0684216850873259,0.00798765898870532,0.000269642108718526,0.00279020964673953,0.0213495978327027,0.501582193460397,0.498417806539603,0,"Republican"
"NE_14",1881503,0.248671939401638,0.100411745290866,0.135315755542245,0.120902810146994,0.125923264539041,0.124912370588832,0.143862114490383,0.0434791838987639,0.0538188504786066,0.272360355711312,0.231397704419283,0.103550172654387,0.202277127233504,0.0931166056041434,0.297455549360865,0.52547137493031,0.177073075708826,0.124340784882401,0.875659215117599,0.882792108224117,0.0471006424119441,0.00954502862870801,0.0206707084708342,0.000561253423459862,0.0159951910786217,0.0233350677623156,0.497579328866337,0.502420671133663,0,"Republican"
"NC_14",9943964,0.230347575675053,0.0997046047230259,0.128687714476842,0.132768984280313,0.137047258015013,0.124505579465091,0.146938283364662,0.0502901783670425,0.0852148556793617,0.266031486037769,0.219150976660392,0.0922242284788943,0.186110586155348,0.100977688621192,0.313947755490585,0.483802124863932,0.202250119645483,0.172175141155497,0.827824858844503,0.690791619921391,0.216652735267344,0.0111903059986943,0.0248111316573552,0.00058005037025476,0.0324066941513465,0.0235674626336137,0.486969079936331,0.513030920063669,0,"Democratic"
"OK_14",3878051,0.245559689648228,0.102080400696123,0.136051846662151,0.122768885710889,0.126428198081975,0.122304219310164,0.144806759890471,0.0422363071839234,0.0850145362338604,0.316787126687577,0.240816479800465,0.0734871347907118,0.160402152667018,0.0812562626364439,0.282329894765543,0.500565773158397,0.21710433207606,0.165936209358809,0.834063790641191,0.729098456931072,0.0740717437702599,0.0747107245366294,0.0197661144734817,0.00128801813075692,0.0242356276387288,0.0768293145190716,0.495238974422977,0.504761025577023,0,"Republican"
"OR_14",3970239,0.216287986692993,0.091824950588617,0.13619834977189,0.131446746656813,0.127903635020461,0.136593288212624,0.159745043056602,0.0419103757357687,0.0612750763845229,0.242733322727658,0.261610938940799,0.0844035782140019,0.192235990588859,0.11583071740839,0.306925460100292,0.485302756765152,0.207771783134557,0.165520518303058,0.834479481696942,0.845855879205257,0.0178936331036998,0.011777880374456,0.0402723866245836,0.00355469784060859,0.0356406755361579,0.0450048473152372,0.494754346022998,0.505245653977002,0,"Democratic"
"RI_14",1055173,0.201440901160284,0.11064252023128,0.13087995996865,0.119666632864943,0.1448947234245,0.134036788280216,0.158438474070129,0.0573228576427492,0.0849131595007928,0.287056515551661,0.184144290101134,0.0822473965759756,0.181034922183143,0.123280858444545,0.361174597992001,0.443636120407404,0.195189281600595,0.143351827146029,0.856648172853971,0.813360463165756,0.0669084595606597,0.00528728464431899,0.0338105694516444,0.000364869078340708,0.0543626495370901,0.0259057045621903,0.484896789436424,0.515103210563576,0,"Democratic"
"SC_14",4832482,0.224249981686429,0.100956196008594,0.127995717314622,0.124811432303317,0.133830400196007,0.130559617190504,0.157596655300527,0.045472931180041,0.0931274492636914,0.303356190827828,0.206764084713283,0.0884790806546233,0.166798173158631,0.0960020902019026,0.323848378841653,0.465797942804205,0.210353678354142,0.179866565464281,0.820133434535719,0.673389988829757,0.273228746635787,0.00292913662171944,0.0142734106407432,0.00061231474840465,0.014385361394,0.0211810411295893,0.4865737730632,0.5134262269368,0,"Republican"
"SD_14",853175,0.24718609898321,0.10173059454391,0.130809036833006,0.113710551762534,0.124586397866792,0.130362469598851,0.151614850411697,0.0340619419321389,0.0494214096434126,0.306256840831845,0.219579900915951,0.113057347773489,0.200018722276629,0.0776038366265338,0.306398387602773,0.514075919995738,0.179525692401489,0.141735597842239,0.858264402157761,0.84949512116506,0.0173821314501714,0.0841691329445893,0.0129129428311894,0.000518064875318663,0.00793975444662584,0.0275828522870454,0.50093005538137,0.49906994461863,0,"Republican"
"TX_14",26956958,0.263970289229222,0.102134447069287,0.144850542854279,0.135781938006507,0.128463419351694,0.109949127049128,0.114850236439883,0.0902647536079356,0.0879723111481068,0.251573161060044,0.225141749524576,0.0671301801603569,0.181698697931541,0.09621914656744,0.32427694424315,0.489632730039106,0.186090325717744,0.171741290049406,0.828258709950594,0.751785865452623,0.120002338542798,0.00451490112497115,0.0431039362824247,0.000743963766238015,0.0552277820071538,0.0246212128237912,0.496506950079456,0.503493049920544,0,"Republican"
"WV_14",1850326,0.207098640996235,0.0922950874602638,0.118583968446641,0.123044803996701,0.135640422282344,0.145500846877793,0.177836229940021,0.0495414047132333,0.0986022293362132,0.411091140509893,0.184153199367455,0.0651074169784395,0.117587071392757,0.0739175377020095,0.277409608086899,0.493560565273713,0.229029826639388,0.182807207566975,0.817192792433025,0.935761590119795,0.0369010650015187,0.00200829475454596,0.00629186424446287,0.00016213359159413,0.00225473781376903,0.0166203144743143,0.494337754536228,0.505662245463772,1,"Republican"
"AL_16",4863300,0.226084551641889,0.0952172393230934,0.129452223798655,0.123017087163037,0.132754097012317,0.132277260296506,0.161197540764501,0.0478069435300797,0.101159052604695,0.306368957252569,0.215477989149617,0.0821125617404482,0.153506227290891,0.0935682684316995,0.310129269113874,0.4689408857173,0.220929845168826,0.170886896901691,0.829113103098309,0.681920506651862,0.267534801472251,0.00503958217671129,0.0134910451750869,0.000309049410893837,0.0144619908292723,0.0172430242839224,0.484455410934962,0.515544589065038,0,"Republican"
"AK_16",741894,0.252456550396687,0.101964701156769,0.163943905733164,0.124509700846752,0.125521974837376,0.129389104103821,0.102214062925431,0.0216974178986994,0.047155136955555,0.279627769855371,0.27069574966959,0.0852258372985963,0.189708341771914,0.105889746550273,0.360466587989806,0.474720782663725,0.164812629346469,0.098852435466761,0.901147564533239,0.64415536451299,0.032016703194796,0.145648839322059,0.0614373481925989,0.0133940967307998,0.0171345232607354,0.0862131247860206,0.526453913901447,0.473546086098553,1,"Republican"
"AZ_16",6931071,0.235378053406176,0.0971336175895471,0.134104383002281,0.12253733946745,0.122133072940675,0.119933557165985,0.168779976427885,0.0573263193980472,0.0754848955204782,0.238953581492687,0.255000368536375,0.0844808576154854,0.180653936995194,0.108100040441734,0.333396841829432,0.46843908543464,0.198164072735928,0.163557520508491,0.836442479491509,0.758172005451971,0.0432363194663566,0.0441846577534698,0.0318043199961449,0.00204008875396025,0.0845393157853959,0.0360232927927012,0.496925799778995,0.503074200221005,0,"Republican"
"CA_16",39250017,0.231675033414635,0.0981535116277784,0.150373539965601,0.131670414308356,0.132438694230374,0.119422903689443,0.136265902763813,0.0971762310115696,0.0784100176089475,0.204945468679366,0.212984590583701,0.0772413467470892,0.206284758415953,0.122957586953374,0.370480666407648,0.465206537690342,0.16431279590201,0.143470697804896,0.856529302195104,0.596693601432071,0.0577141151301922,0.0073919203652829,0.14272793818153,0.00383492827531769,0.143748345382882,0.0478891512327243,0.49659165752718,0.50340834247282,1,"Democratic"
"CO_16",5540545,0.227506860787161,0.0964755272270147,0.151169244180852,0.13458405265186,0.129934871028031,0.126217005727776,0.134112438397306,0.0342300880041308,0.0513620856567844,0.219501450538325,0.210216189748461,0.0861109286702518,0.249438393637602,0.149140863744445,0.319841739608344,0.50369373714808,0.176464523243576,0.110461232320485,0.889538767679515,0.840155796947773,0.0422597415958177,0.00988043594989302,0.0317569841955981,0.00150255976623238,0.0411695961317885,0.0332748854128971,0.503687092154292,0.496312907845708,0,"Democratic"
"FL_16",20612439,0.201098957770112,0.0855613447782671,0.129092728909956,0.119688892711823,0.133681171839975,0.132415964942334,0.198460939047533,0.0518756166402254,0.0742978403148438,0.289025305313211,0.20138834716854,0.0971948433829892,0.181989042056232,0.104229005123958,0.318160490926559,0.457522372470521,0.22431713660292,0.147266684898904,0.852733315101096,0.755571186893506,0.160603410396994,0.00255855214416887,0.0271386127570832,0.000608370508701081,0.0276737750442827,0.0258460922552639,0.488581676336313,0.511418323663687,0,"Republican"
"GA_16",10310371,0.243503361809192,0.0983830746730646,0.136148544024264,0.134374117090452,0.136160182790707,0.119608693033451,0.131822026578869,0.0493128255613711,0.0866595091369036,0.277666959697998,0.205471457446471,0.0763710881975184,0.187207229645437,0.1173109303143,0.340528210371619,0.465778618501491,0.19369317112689,0.159659453032863,0.840340546967137,0.587259275151205,0.31565255993213,0.00367969300037797,0.0386889084786571,0.000630724151439361,0.0290212641232794,0.0250675751629112,0.486708965176908,0.513291034823092,0,"Republican"
"ID_16",1683140,0.259311168411421,0.0947146404933636,0.131037822165714,0.122289886759271,0.117728174721057,0.122725382321138,0.152192925128035,0.0316702919711386,0.0641012080771477,0.278557665334578,0.253374292375824,0.0959977558368935,0.187040877798881,0.0892579086055377,0.275705502056713,0.539121454697429,0.185173043245858,0.143680351835178,0.856319648164822,0.897203441187305,0.00679503784593082,0.01580141877681,0.0145002792399919,0.00141105315065889,0.0392938198842639,0.0249949499150397,0.499781955155246,0.500218044844754,0,"Republican"
"IL_16",12801539,0.22830997116831,0.0948011797644018,0.137932712621506,0.129240945170733,0.134081300693612,0.129336636790311,0.146297253791126,0.049613287327187,0.0619161500707599,0.259703995940553,0.210395836504536,0.0788195889798054,0.209324195960887,0.130226945216272,0.354868118514149,0.470665621070174,0.174466260415678,0.129699296683738,0.870300703316262,0.712708292338913,0.141660858120262,0.00238018257023628,0.0534922402689239,0.000378938813528592,0.0642722722635146,0.0251072156246214,0.491325613271967,0.508674386728033,1,"Democratic"
"IN_16",6633053,0.237829096194467,0.0999455303613585,0.129274558789143,0.122600256623911,0.13029731558002,0.13029731558002,0.14975592687108,0.0375046441996678,0.0789416051082554,0.337360582947227,0.20493965272314,0.0851746219075094,0.163069005522044,0.0930098875921555,0.31515581015522,0.485865222954262,0.198978966890518,0.140852573776537,0.859147426223463,0.834671153690465,0.0931313227860534,0.00264056385498503,0.0213251725864395,0.000531580254220794,0.023783165911685,0.0239170409161513,0.492584184085368,0.507415815914632,0,"Republican"
"KS_16",2907289,0.245905721790988,0.103338195824357,0.129731856722878,0.121538656803641,0.120562833622664,0.12838008192512,0.150542653310352,0.0362015417011992,0.0583275544204455,0.262320712751383,0.231690184023138,0.0829996363513354,0.206593140571351,0.121867230181148,0.300844391041179,0.509739410917351,0.18941619804147,0.121217440046655,0.878782559953345,0.845793452250533,0.0572873904176709,0.00743648120293511,0.0274279577984851,0.00100506004047069,0.0254955733674912,0.035554084922414,0.498351901032199,0.501648098967801,0,"Republican"
"KY_16",4436974,0.228186372063483,0.096689320243932,0.127276607886366,0.12536877610732,0.134605025857713,0.13292031911839,0.154953578722796,0.0569936528316223,0.0860404692491326,0.323250238941028,0.213666525455273,0.0855844532598633,0.139903101609777,0.094561558653304,0.296681469385035,0.481884305508111,0.221434225106855,0.184710091038446,0.815289908961554,0.871389600209512,0.0825240355251124,0.00251072014395397,0.0138182013236949,0.000519948956203034,0.00847221552346261,0.0207652783180609,0.491283924584638,0.508716075415362,0,"Republican"
"LA_16",4681666,0.238650300982599,0.0959839937321458,0.143348115820308,0.124606496917977,0.125465379204753,0.127941634452351,0.144004078889865,0.0516622686210682,0.104496600342855,0.340053354392588,0.209987415811134,0.0601241725574796,0.151940918517377,0.0817352697574976,0.364424003422435,0.425022423078512,0.210553573499053,0.201976147471512,0.798023852528488,0.619756941225624,0.3235504198719,0.00544848778191353,0.0166438613946403,0.000220007151300413,0.0145691725979598,0.0198111099766622,0.489543679536302,0.510456320463698,0,"Republican"
"MD_16",6016447,0.223745343389545,0.0910482548919653,0.138334801253963,0.127234894614712,0.142057928873968,0.131903430712512,0.145675346263334,0.0404137481358435,0.0583681098981494,0.253843048940111,0.189009942491318,0.0651266170981354,0.208729976994587,0.184508556441855,0.357659260504325,0.463918467890878,0.178422271604797,0.0966319127779179,0.903368087222082,0.564661335834921,0.298114983810212,0.00253205920371276,0.0625814538048785,0.000412203415072052,0.0382827273305989,0.033415236600605,0.484966127018155,0.515033872981845,0,"Democratic"
"NV_16",2940058,0.230438311080938,0.0856942278009481,0.144318581470161,0.132777312556419,0.13300451895847,0.123511168827282,0.150255879305782,0.0611217491209136,0.0784045637890988,0.290984825500719,0.257087650016662,0.0777584912041619,0.153459397894171,0.081183322474274,0.339190320883745,0.442569594950026,0.218240084166228,0.13787899290549,0.86212100709451,0.668928980312633,0.0887713779796181,0.0116552122441122,0.0831184282759048,0.00688421793039457,0.0932950982599663,0.0473466849973708,0.501062564071865,0.498937435928135,1,"Democratic"
"NH_16",1334795,0.194667345922033,0.0954213942965025,0.120313606209193,0.114240763562944,0.151527388100794,0.153816878247221,0.170012623661311,0.0217637238203182,0.0498899308347738,0.270418727165661,0.189193381919952,0.102880371807941,0.225268207846042,0.140585656605311,0.297745139742958,0.512725748549888,0.189529111707155,0.0729647012393065,0.927035298760694,0.934341977607048,0.0124895583216898,0.00108630913361228,0.0244824111567694,4.94457950471795e-05,0.00603613288932008,0.0215141650965129,0.497995572353807,0.502004427646193,1,"Democratic"
"NY_16",19745289,0.211664969806216,0.0968489749630912,0.14620135466237,0.124601063068765,0.137182494518059,0.130007264011178,0.15349387897032,0.0634247749603181,0.0734104256227958,0.261822236961526,0.157530560456179,0.0872895572095607,0.20138429506316,0.15513814972646,0.387984710204118,0.440584488782293,0.171430801013589,0.14731122373259,0.85268877626741,0.634605196206548,0.156013619248622,0.00369971794284703,0.0844776695848817,0.000467757144501658,0.0894951195700402,0.0312409203025593,0.485282843922923,0.514717156077077,0,"Democratic"
"NC_16",10146788,0.226366609807951,0.0958637354007988,0.130217168230971,0.128540184342079,0.136574845162824,0.127847551363052,0.154589905692324,0.0464681406709286,0.0805019786438783,0.258228621158221,0.215514196578978,0.0952229727715628,0.195663632721819,0.108400457454613,0.319040761096168,0.484080075477406,0.196879163426426,0.153942435757599,0.846057564242401,0.688795804150042,0.215064313948414,0.0119094830797687,0.0271443534643672,0.000599302951830668,0.0299890960568014,0.0264976463487756,0.486201249104643,0.513798750895357,0,"Republican"
"ND_16",757953,0.230350694568133,0.116554720411424,0.153120312209332,0.113854025249587,0.1150915690023,0.126097528474721,0.144931150084504,0.0279324868943365,0.0483157076048201,0.271058452774158,0.220631698029353,0.136468591860853,0.217322707392705,0.0782703554437744,0.3182484486748,0.519779396297854,0.161972155027345,0.107226559564009,0.89277344043599,0.871978869402192,0.0253973531340334,0.0549493174378886,0.012137955783538,0.0003074069236483,0.0067471202040232,0.028481977114676,0.514782578867027,0.485217421132973,0,"Republican"
"OH_16",11614373,0.224632961245519,0.0932758918626085,0.129225400286352,0.118871332959601,0.133158716359463,0.13854419864077,0.162291498645687,0.0280493927022274,0.0717120203946927,0.33312391813191,0.205821313418314,0.0861527069786511,0.171950834511373,0.103189813862832,0.324996409532901,0.474050427054381,0.200953163412718,0.145771555382856,0.854228444617144,0.815904655378297,0.124286519814716,0.00155677796812622,0.0205801036353835,0.000347069962364735,0.00939120863433609,0.0279336646067764,0.49004797762221,0.50995202237779,0,"Republican"
"OR_16",4093465,0.212105392375408,0.0897203225140559,0.139987272396368,0.130396131394796,0.125785856236709,0.133715324303494,0.168289700779169,0.03709684417373,0.059994359597362,0.229497556292058,0.260862323789903,0.0855560205349845,0.200321069073238,0.126671826538724,0.309899437791561,0.489086672788643,0.201013889419796,0.133485206098812,0.866514793901188,0.844226101847701,0.0194395212857567,0.0110972000493469,0.0413974469062274,0.00362113759370118,0.0295053212864896,0.0507132710307771,0.494944503006622,0.505055496993378,0,"Democratic"
"SC_16",4961119,0.221716915075006,0.095276690601455,0.130413723194304,0.123264126500493,0.129701383901495,0.132296564545217,0.167330596182031,0.043948075772117,0.08993335056822,0.289708116569219,0.210448000812165,0.0937144014005116,0.174440072764275,0.0978079821134929,0.326985994155479,0.461911640234522,0.211102365609999,0.152675524679494,0.847324475320506,0.673749611730741,0.269625461513824,0.00322709453250366,0.0154944882394476,0.000516214184743402,0.0155984970326251,0.0217886327661159,0.484838803503806,0.515161196496194,0,"Republican"
"SD_16",865454,0.247154672576474,0.0989757976738221,0.128875711476289,0.114000281932951,0.117740515382678,0.134297143464586,0.1589558774932,0.0322940338649995,0.0560811742128384,0.289647884586159,0.21844903815909,0.115026842482868,0.196153343205618,0.0923476834884272,0.318230344914206,0.504653720274389,0.177115934811405,0.132524853933873,0.867475146066128,0.846883832069642,0.0167819433499643,0.089407409290384,0.0149667111134734,0.000251890915057299,0.00681029840985194,0.024897914851627,0.503398216427447,0.496601783572553,0,"Republican"
"VT_16",624594,0.190017835585997,0.106224203242426,0.115090762959619,0.112903742270979,0.138848596047993,0.155036711848016,0.18187814804497,0.0252227780773177,0.0534235138080321,0.292943218605752,0.172607794559597,0.0921346883154406,0.211280294292286,0.152387712341576,0.315705195095945,0.478695591131416,0.205599213772639,0.118866412143775,0.881133587856225,0.943619375146095,0.0126370090010471,0.00348546415751672,0.0150593825749207,0.000403462088972997,0.00506408963262535,0.0197312173988223,0.49291859992251,0.50708140007749,0,"Democratic"
"AZ_18",7171646,0.228957062297832,0.0961206116420136,0.136555541084989,0.123070491767162,0.118865599333821,0.120863885361882,0.1755668085123,0.0530018362483018,0.0721832760917496,0.239509130005058,0.249603743897078,0.0885113827561244,0.185532148393985,0.111658482607704,0.333430051299554,0.471116772221268,0.195453176479178,0.140230534385104,0.859769465614896,0.779528855718757,0.0468985780949032,0.0460980645168487,0.0331685362049382,0.00218373857270702,0.0521063086493672,0.0400159182424788,0.497114469955712,0.502885530044288,1,"Republican"
"CA_18",39557045,0.227153924161929,0.0949480174770385,0.152549261452669,0.133085193800497,0.128119428536687,0.120874195734287,0.143269978836892,0.0893592561118428,0.0730465768414885,0.207317862662556,0.208447203430952,0.079824411451763,0.21274342693392,0.129261262567477,0.37321791140273,0.465467861704383,0.161314226892887,0.128014526286905,0.871985473713095,0.594973360623879,0.057735606893791,0.00765456570378298,0.14716936009755,0.00393707366159429,0.137857339950444,0.050672693068959,0.49734637660624,0.50265362339376,1,"Democratic"
"DE_18",967171,0.210045586561218,0.0871831351436302,0.131723345716528,0.116207992175117,0.127058193432185,0.140890287239795,0.186891459731526,0.038580255995292,0.0630542886567603,0.332200971016625,0.176816242459909,0.0759864646167427,0.182695306752979,0.130666470501692,0.341142852849619,0.473225577825139,0.185631569325242,0.124621327273152,0.875378672726848,0.6821761611959,0.224979863953737,0.00454624880191817,0.0403475703882767,0.000926413219585782,0.0203190542313614,0.0267046882092205,0.483806896608769,0.516193103391231,0,"Democratic"
"FL_18",21299325,0.198498074469496,0.0830695338936797,0.129511850727664,0.121445350967695,0.128734971648163,0.134095986609904,0.204644231683398,0.0463250692305807,0.0688048228595702,0.286754552063847,0.197077137979202,0.0973400753163368,0.190853165818473,0.11284517673199,0.321309513364601,0.457922297533704,0.220768189101695,0.136044844114859,0.863955155885141,0.746482529375931,0.160133760107421,0.00281088719947698,0.0278710240817491,0.000602882955211022,0.0332752329005731,0.0288236833796376,0.488497921882501,0.511502078117499,0,"Republican"
"IN_18",6691878,0.234172978048912,0.0981679582323527,0.130642847941938,0.123503895319072,0.12578681201301,0.130647629858165,0.157077878586549,0.0368119827399627,0.0732698835894235,0.331261290277095,0.198556456029721,0.0890406283230149,0.172746079639777,0.0983136794010062,0.315752239105997,0.489133163988715,0.195114596905288,0.131392156980587,0.868607843019413,0.827858338122721,0.0952314133640811,0.00209806574477299,0.0230458475184395,0.000518539040908994,0.0242537296705051,0.0269940665385711,0.492533336680675,0.507466663319325,0,"Republican"
"ME_18",1338404,0.185707753413767,0.0795499714585432,0.119503528082701,0.114641020200179,0.134836715969169,0.159493695476104,0.206267315399536,0.0257895710924137,0.0438283393432054,0.314485113618106,0.203723476736406,0.0968840186214513,0.200826331984925,0.114463148603493,0.284311884962343,0.496786930904251,0.218901184133406,0.116396211502672,0.883603788497328,0.94250540195636,0.0141616432706418,0.00640016019079441,0.0117176876339282,0.000347428728545342,0.0024387255268215,0.0224289526929089,0.489937268567637,0.510062731432363,0,"Democratic"
"MD_18",6042718,0.221482286613408,0.0888712662083519,0.136780501754343,0.128266617770348,0.136153962504952,0.134368838658365,0.154076526490232,0.0373331759187338,0.0577229258286883,0.242239712200039,0.186985268057146,0.0676179691644956,0.218787336475386,0.18931361235551,0.350312041506844,0.47560235924672,0.174085599246436,0.089528678761162,0.910471321238838,0.54694708573195,0.299680541107495,0.00222300626969519,0.0627176379900568,0.00120988601486947,0.0503154375233132,0.0369064053626199,0.484939062190226,0.515060937809774,0,"Democratic"
"MA_18",6902149,0.198072513357796,0.101750194033771,0.143481689543358,0.122011275039122,0.133516532314791,0.136358111075261,0.164809684635901,0.0437032665608327,0.0486470581419025,0.233032564630163,0.153442113853707,0.0758757786492432,0.243934274802968,0.201364943361182,0.371626563837421,0.462411876086148,0.16596156007643,0.0996113626792045,0.900388637320796,0.772973026227049,0.0778776291268125,0.0023468053210674,0.0684428864111743,0.000402048695268676,0.043947327129565,0.0340102770890631,0.485484593276674,0.514515406723326,1,"Democratic"
"MN_18",5611179,0.232045172681178,0.0890905458549799,0.135362104826811,0.127418319750626,0.122911780215887,0.13480357693098,0.158368499739538,0.0267093419692016,0.0396571064643265,0.241856554174086,0.207783779867264,0.116956213448968,0.241741832796086,0.125295171280067,0.323154261489134,0.513757392821083,0.163088345689783,0.0964001163192395,0.90359988368076,0.825027146701255,0.0655215240861145,0.0108681259321793,0.048675331868757,0.000427004734655587,0.0183230654377627,0.0311578012392761,0.497931005230808,0.502068994769192,1,"Democratic"
"MS_18",2986530,0.236301661125118,0.101631324647668,0.126912168972018,0.127471011508339,0.120428724975138,0.12840085316404,0.158854255607678,0.0508773908439004,0.0950779428134465,0.29806709509969,0.222657050103602,0.101338553965214,0.143985964578667,0.0879960025954808,0.341428134706869,0.443079275936836,0.215492589356295,0.196658661441329,0.803341338558671,0.581094112565419,0.380240278852046,0.00443122955403093,0.00875330232745025,0.000459396021469732,0.00997076875169511,0.0150509119278896,0.484451520661102,0.515548479338898,0,"Republican"
"MO_18",6126452,0.224881546448091,0.0923763052415982,0.133704140667388,0.121170132402898,0.122967420621267,0.135948833027664,0.168951621591094,0.0286686843006828,0.0665733158298522,0.303684361646911,0.224077630536769,0.0815245911398309,0.180479187680367,0.114992228865587,0.304219864335405,0.495124177191099,0.200655958473496,0.132297315895363,0.867702684104637,0.821878144152603,0.114964909543076,0.00452219326944861,0.0198184854790342,0.00120542852535203,0.00923160746219835,0.0283792315682878,0.490196446491379,0.509803553508621,0,"Republican"
"NE_18",1929268,0.246148280073064,0.0974162221111841,0.133084154197343,0.126937263252176,0.113419182819598,0.125423217510475,0.157571680036159,0.0376330501247592,0.0479185749028774,0.257730330690755,0.22371213796153,0.108687344051041,0.212939420738448,0.11137914153059,0.304544878751432,0.524083861253348,0.17137125999522,0.110028464141474,0.889971535858526,0.864053102005528,0.0472826999670341,0.00961763736297912,0.0237286888083978,0.000668129052054976,0.0240884107340193,0.0305613320699872,0.498226788605834,0.501773211394166,1,"Republican"
"NV_18",3034392,0.227136111616429,0.0819267912649387,0.145898420507304,0.133512084134153,0.130558938990084,0.124389334008263,0.156578319478828,0.0524880113938263,0.0782276227788764,0.277434519363495,0.258710162388735,0.0842412430946868,0.162014314782116,0.0868841261982644,0.335114835314075,0.453143678731111,0.211741485954814,0.129455163106146,0.870544836893854,0.634386064819575,0.0924023659434905,0.0147199175320789,0.0824339768889451,0.00646323876414122,0.118239831900427,0.0513546041513423,0.501706437401628,0.498293562598372,1,"Democratic"
"NJ_18",8908520,0.21900439130181,0.0862401386537831,0.129212596480672,0.128819489657092,0.138474067521878,0.136798368303602,0.161450948081163,0.0469081598508897,0.0512453623165224,0.263262890146663,0.164495722659459,0.0661232722644756,0.248062808327287,0.159901784434704,0.342751864461483,0.496731224799923,0.160516910738594,0.0952173079229193,0.904782692077081,0.668633959400664,0.135599964977348,0.00237199894034026,0.097458724906045,0.000326541333465042,0.0678377553173816,0.027771055124757,0.488339926272826,0.511660073727174,0,"Democratic"
"NM_18",2095428,0.229183250390851,0.0948302685656582,0.13322003905646,0.122295301962177,0.114500712980833,0.130120910859261,0.17584951618476,0.0595475689402117,0.0863689664739591,0.261226941978043,0.236202956481591,0.080114735037039,0.156539339391068,0.119999491698088,0.349144700926527,0.445319691106503,0.205535607966969,0.194689532250133,0.805310467749867,0.763537568458568,0.0219830984409868,0.0957603888083962,0.0162997726478791,0.0011763706507692,0.0691796616252145,0.0320631393681864,0.496147326465047,0.503852673534953,0,"Democratic"
"NY_18",19542209,0.207995165746104,0.0923734363909423,0.147009890232982,0.124541959406943,0.130862278670748,0.132851767167161,0.164365502385119,0.0605521672474133,0.0679820569159214,0.25941340119978,0.152362400504434,0.087298351131185,0.208213764092958,0.164177858908309,0.379007624074513,0.451648934719415,0.169343441206072,0.136119883825473,0.863880116174527,0.633275439844083,0.157057935466763,0.00431435361273641,0.0852571477461939,0.000482238215751351,0.0864715447470652,0.0331413403674068,0.485682708643634,0.514317291356366,1,"Democratic"
"ND_18",760077,0.22986355329789,0.11128346207029,0.15358180815891,0.119556308110889,0.107248344575615,0.125280728136755,0.153185795649651,0.0339231477358276,0.0429730479912297,0.258587121265069,0.218561481212271,0.149197550216762,0.220983707383896,0.0757739441949443,0.324844545311434,0.517470614472372,0.157684840216194,0.106799371768401,0.893200628231599,0.857396026981477,0.0340702323580374,0.0542971304223125,0.0180889567767476,0.000446007443982649,0.0125895139571386,0.0231121320603044,0.514713640854808,0.485286359145192,0,"Republican"
"OH_18",11689442,0.221604760945818,0.0917042062401268,0.131152881377914,0.119489279300073,0.127311551740451,0.137970999813336,0.170766320582283,0.0271911110391321,0.065794655187127,0.327140843412294,0.204100144075614,0.086051076144554,0.178274294306677,0.111447875834601,0.331731314773199,0.467894518006379,0.200374167220422,0.138939514380182,0.861060485619818,0.810213182117675,0.12372754832951,0.00219616984283767,0.0232485006555488,0.00036169391148012,0.00959293009880198,0.0306599750441467,0.490365151732649,0.509634848267351,0,"Republican"
"PA_18",12807060,0.206731053028564,0.0909510847922942,0.132354576304007,0.116819394927485,0.129580169063001,0.141447842049619,0.182115879835028,0.0310525383654041,0.0592344740921441,0.34620646303621,0.159251072890516,0.0860119046626392,0.19158393116246,0.126659615790627,0.336618796018396,0.480950993979471,0.182430210002133,0.122468129740197,0.877531870259803,0.800814863052098,0.111532701494332,0.00167235883957755,0.0355293876970983,0.000391034320132802,0.0240158162763351,0.0260438383204264,0.489700212226694,0.510299787773306,0,"Republican"
"RI_18",1057315,0.192854541929321,0.106602100603888,0.138415703929293,0.116461981528684,0.132416545684115,0.14050495831422,0.172744168010479,0.0467695880220604,0.0620282302432175,0.284335657726865,0.179886457988781,0.0831664855304815,0.199146747311646,0.144666833176949,0.393032055865683,0.422590309715093,0.184377634419224,0.129079194741797,0.870920805258203,0.806576091325669,0.0669138336257407,0.00410568279084284,0.0341090403522129,0.000835134278810005,0.0565044475865754,0.0309557700401489,0.487934059386276,0.512065940613724,0,"Democratic"
"TN_18",6770010,0.222950187665897,0.0915525974112298,0.135122843245431,0.125027584892785,0.130570117326267,0.131586807109591,0.1631898623488,0.0445181813656759,0.0772164764741081,0.318290958306318,0.210146131408158,0.0750009211728178,0.172731431472392,0.102095899800531,0.308828204262914,0.485513537142913,0.205658258594173,0.153114343406563,0.846885656593437,0.773350113219921,0.168064892075492,0.00282658371257945,0.0175843167144509,0.000811520219320208,0.014941336866563,0.0224212371916733,0.487767521761415,0.512232478238585,1,"Republican"
"TX_18",28701845,0.257805168970845,0.0984349263958467,0.145703525330863,0.136249882193984,0.12372023470965,0.112672756751352,0.125413505647459,0.0800309161119845,0.0803822158859695,0.250464453371652,0.21375089387689,0.072251555533859,0.196299613516128,0.106820351703517,0.339259918838695,0.481687319834021,0.179052761327285,0.148913217664967,0.851086782335033,0.735111836887141,0.122885027077528,0.00522604034688362,0.0498524397996017,0.000747791648934067,0.0595587147794854,0.0266181494604267,0.496490173366904,0.503509826633096,0,"Republican"
"UT_18",3161105,0.29478014808113,0.1130528723342,0.146576592678826,0.138544274865909,0.100923885793101,0.0949911502465119,0.111131076000323,0.0253010040055516,0.0506014737951025,0.226190794176191,0.246893266848371,0.102466902647681,0.228409927442783,0.12013663108432,0.305657219572033,0.554219339958176,0.140123440469791,0.0902533121779113,0.909746687822089,0.856724151839309,0.0127692689739822,0.010970214529413,0.0240099585429779,0.00928852410786734,0.0542392612709796,0.0319986207354707,0.50376592995171,0.49623407004829,0,"Republican"
"WV_18",1805832,0.201139973153649,0.0896129872546283,0.115737233585406,0.121164648760239,0.12908675890116,0.143230931781029,0.200027466563889,0.0394321902026966,0.0828252449091609,0.396897674153505,0.192461474678341,0.0751518019083668,0.127745492789165,0.0854861213587647,0.283585337390874,0.489948696923076,0.22646596568605,0.178039505530729,0.821960494469271,0.930193395620412,0.0380317770423827,0.00145583863836725,0.00745307426161459,0.000249746377293126,0.00356068560087539,0.0190554824590549,0.495426484855734,0.504573515144266,0,"Republican"
"WI_18",5813568,0.218816568413752,0.0945101183988903,0.126559971432346,0.121556331671015,0.12700582499422,0.141864858207559,0.169686326882218,0.0270592196135192,0.0519030205745359,0.306229524787188,0.204821015515446,0.109869634986982,0.194270722956938,0.105846861565392,0.322835147978289,0.503732009623546,0.173432842398164,0.110469390676651,0.889530609323349,0.852702333575525,0.0637529310743419,0.00866318240364609,0.0284472461662098,0.000337314365291676,0.0208950854277442,0.0252019069872409,0.497333479199005,0.502666520800995,1,"Republican"
"WY_18",577737,0.230374720677402,0.0891495611324876,0.13371828357886,0.125325191220227,0.116812667355561,0.137489895921501,0.167129680113962,0.0184083879369989,0.04851247405478,0.288325159741158,0.26404094257458,0.112146941516422,0.169022933539538,0.0995431606365227,0.275167109435256,0.529156311594824,0.19567657896992,0.110585508028415,0.889414491971586,0.914694748648607,0.006347178733576,0.0280144771756007,0.0100512863119378,0.00192302033624296,0.0152283824646855,0.0237409063293506,0.506491708164788,0.493508291835212,0,"Republican"
"GA_21",10799566,0.233539384823427,0.096593789046708,0.135639339580868,0.134113537525489,0.129527797691129,0.123757380620666,0.146828770711712,0.0420184701402532,0.0682728086907444,0.266837667541069,0.192330643958458,0.0842614273089852,0.20928356153647,0.136995420824019,0.352027793907284,0.464981028264622,0.182991177828094,0.140210566383646,0.859789433616354,0.518754920336614,0.307780886750449,0.00496705145373434,0.0431387705765213,0.000504927698020457,0.0373016841602709,0.0875517590243904,0.487995906502169,0.512004093497831,0,"Democratic"
"AL_22",5074296,0.218952146268172,0.0962387688853784,0.128520685431043,0.124631278900561,0.121727230733091,0.13000089076396,0.179928999017795,0.0339673615883398,0.0780630022412001,0.304223919717381,0.206089111589203,0.0896528960057831,0.175346568730712,0.112657140127381,0.313636130906895,0.484136864419919,0.202227004673186,0.162378441104481,0.837621558895519,0.650834716776475,0.256594215236951,0.00480854881150016,0.0155475754666263,0.000980825714542471,0.0201267328512172,0.0511073851426878,0.485042260049473,0.514957739950527,1,"Republican"
"AK_22",733583,0.239570709790167,0.0935408808546545,0.155265321033884,0.143011765539823,0.111525212552635,0.118759567765338,0.138326542463498,0.0223826596731927,0.0443953411362624,0.291189203994947,0.237272545163915,0.0988720774787518,0.19248678503244,0.113401387520492,0.349495369888669,0.487846064362726,0.162658565748604,0.109849998742304,0.890150001257696,0.59643285081579,0.0302651506373512,0.129866695384162,0.0629567479071898,0.0200713484363733,0.0182187973276371,0.142188409491496,0.525730558096357,0.474269441903643,1,"Republican"
"AR_22",3045637,0.228468461605897,0.0959342823849329,0.126698290045728,0.127277150888303,0.119319209741673,0.125380010815471,0.176922594517994,0.0402114283270413,0.0683783820561969,0.342953814691119,0.212903815274316,0.0814696951435248,0.157444217213641,0.0966386472941606,0.292805834004443,0.492900126667827,0.21429403932773,0.167780445407826,0.832219554592174,0.690774704930364,0.143592621182367,0.00730553247153223,0.0160626496197676,0.00467192905786212,0.0300492146634678,0.107543348074639,0.493981390428341,0.506018609571659,0,"Republican"
"CO_22",5839926,0.207381908606376,0.0932934766639166,0.15684137093518,0.14732292840697,0.120668309838173,0.117698751662264,0.156793253887121,0.0279355749896425,0.0417431030919656,0.201544611611546,0.186625429358052,0.0830106924479016,0.288415731228471,0.170724857272422,0.333589166582294,0.504102576897928,0.162308256519778,0.0943742329606614,0.905625767039339,0.703212163989749,0.0403291069099163,0.0122177918007865,0.0325656523729924,0.00118426158139675,0.0641854023492763,0.146305620995882,0.507009164157217,0.492990835842783,0,"Democratic"
"HI_22",1440196,0.206128888012465,0.0829657907673678,0.131989673627756,0.133406147496591,0.118139475460285,0.122777038680846,0.204592985954689,0.0316191056636613,0.0394288968132809,0.267531252350214,0.19586889786813,0.111294407443329,0.220858080779963,0.133399359081422,0.344993634338962,0.487135990003057,0.167870375657981,0.101500717529901,0.898499282470099,0.221579562781732,0.0180600418276401,0.0028468347363831,0.351863912967402,0.0996003321770092,0.0194063863529686,0.286642929156865,0.503618257514949,0.496381742485051,0,"Democratic"
"IL_22",12582032,0.215879756147497,0.0932271512264474,0.134304061537914,0.132988693718153,0.123748771263656,0.127785559598005,0.172066006508329,0.0461861769210266,0.0497984605489645,0.251599046065388,0.191425839130346,0.0841955085099356,0.224666532993421,0.152128435830918,0.363955184372247,0.470304064970522,0.16574075065723,0.119424730288487,0.880575269711513,0.610674571484161,0.134296590566611,0.00691207906640199,0.0599991320956742,0.000584325329962601,0.0788524460913786,0.108680855365811,0.495073848166973,0.504926151833027,1,"Democratic"
"IN_22",6833037,0.229674447833372,0.0993998715358925,0.129803336349562,0.126758423816525,0.119302002901492,0.125675157327554,0.169386760235602,0.0357649537786348,0.0622592410011212,0.321278842001021,0.19214869363022,0.0925456869511349,0.189600738145823,0.106401844492045,0.316985922929775,0.495530712665759,0.187483364404466,0.125590423976597,0.874409576023403,0.775295523791251,0.0933138515128778,0.00340478179761064,0.0254165168430963,0.000376406567094544,0.0322339832200528,0.0699589362680167,0.496509385211876,0.503490614788124,0,"Republican"
"IA_22",3200517,0.223947568470969,0.101314256415448,0.125500348849889,0.126564864364101,0.112826771424742,0.125851229660708,0.183994960814143,0.0246972578514303,0.0406050258600211,0.295365015505825,0.196591265337384,0.119609948733764,0.214743059887169,0.108388426824406,0.314126569796441,0.515508384943735,0.170365045259824,0.109509357531054,0.890490642468946,0.844425447513636,0.0379460568401918,0.00366128347388875,0.0236364937289819,0.00270675019067232,0.0234583975026535,0.0641655707499757,0.502312282671831,0.497687717328169,0,"Republican"
"KS_22",2937150,0.234312854297533,0.103517695725448,0.128464327664573,0.130272202645422,0.110153039511091,0.120887595117716,0.172392285038217,0.0355793718002706,0.0436955078716494,0.252933454882562,0.220810317904705,0.0908981531612826,0.21950330378412,0.136579890595411,0.310807031604256,0.508842653618619,0.180350314777125,0.120112825506388,0.879887174493612,0.7632946904312,0.0523538123691333,0.00902984185349744,0.029263401596786,0.00171935379534583,0.0441591338542465,0.100179766099791,0.501775871167628,0.498224128832371,0,"Republican"
"KY_22",4512310,0.222697465378044,0.0921769559272302,0.13012381684769,0.126171074239137,0.123571518800792,0.12993588649716,0.175323282309948,0.0427404310983119,0.0672576636770706,0.32433165917246,0.198970790545299,0.0880851004642085,0.164522129879389,0.114092225163262,0.297419474010702,0.493746353474855,0.208834172514443,0.1646807876629,0.8353192123371,0.830893045912182,0.0769093878745033,0.00174190159807283,0.0139336614727268,0.000776099159853822,0.0154610388027418,0.0602848651799189,0.494903497321771,0.505096502678229,0,"Republican"
"MD_22",6164660,0.218459898842759,0.0862517965305467,0.130575246647828,0.136294945706657,0.125380150730129,0.133883620507863,0.169154341034218,0.0389387749007516,0.0468984764183606,0.235542959104254,0.171510488505479,0.0687961129350457,0.232411758996747,0.205901429139362,0.357875688726895,0.472521938179455,0.16960237309365,0.0962692735719871,0.903730726428013,0.48399652211152,0.295829291477551,0.00432286614346939,0.0655684173985264,0.00050091975875393,0.0681495816476497,0.08163240146253,0.487312682289048,0.512687317710952,0,"Democratic"
"MO_22",6177957,0.220589265998452,0.0937455537485936,0.130943449428347,0.128610315675554,0.115586107187214,0.130346650195202,0.180178657766637,0.0285882233516918,0.0558348540253682,0.301221668504088,0.209792469800591,0.0825576426873402,0.197323660709016,0.124681480921905,0.317674078197888,0.485722713257803,0.196603208544309,0.131716671034854,0.868283328965146,0.776464614434837,0.107012237216931,0.00273860760118596,0.0218609485303961,0.00124490992734329,0.0178784021967133,0.0728002800925937,0.49310006528048,0.50689993471952,0,"Republican"
"NV_22",3177772,0.217024065917882,0.0831610952579354,0.143629561843959,0.1387116508044,0.125009912605436,0.123008195679237,0.169455517891151,0.0550756075494233,0.0707380706989494,0.278867928261413,0.238010892811212,0.0869603732622495,0.175763495052728,0.0945836323640242,0.34641293455019,0.45231230578308,0.20127475966673,0.12450806558998,0.87549193441002,0.491471383094822,0.0937342263699221,0.0147892926238887,0.0914722642153056,0.00691239019035979,0.124402568843831,0.17721787466187,0.503472873447183,0.496527126552817,1,"Democratic"
"NH_22",1395231,0.180395217709469,0.0851170881380933,0.13044649954022,0.123312197048374,0.123022639261886,0.155601473877802,0.202104884424156,0.0133209079021839,0.0413298464060579,0.271084525459123,0.167907258143211,0.0933224692129042,0.245977673256699,0.167057319619821,0.305838892547553,0.50396224929075,0.190198858161697,0.0721063553482845,0.927893644651716,0.87543711399761,0.0136206836000634,0.00121628604869015,0.0262673349431026,0.000607784660747933,0.0178579747726362,0.0649928219771493,0.499405474792346,0.500594525207654,1,"Democratic"
"NC_22",10698973,0.214312906481772,0.0966377800934725,0.132763116609417,0.128674406412653,0.12579656009974,0.127348578223349,0.174466652079597,0.0372138543593973,0.0608203610359028,0.248896111294987,0.193132775917918,0.100745918406103,0.227679826155841,0.131511152829851,0.323986201994192,0.49549291387069,0.180520884135118,0.127592306545538,0.872407693454462,0.621594427801622,0.204005655496093,0.0110042337708488,0.0322558997017751,0.000978411666241236,0.050679724119315,0.0794816474441051,0.48881252434229,0.51118747565771,0,"Republican"
"OH_22",11756058,0.217603213594217,0.0907594195265114,0.130917268356451,0.125503633956212,0.119295005179457,0.131449334462283,0.184472124924869,0.0264087904346477,0.0560458712651408,0.319486248127366,0.190583388441837,0.0876624307013381,0.194139562650221,0.125673708379448,0.334878772795543,0.473081887163656,0.192039340040802,0.134361016068333,0.865638983931667,0.770604142987386,0.120355819952573,0.00178027362573407,0.0250757524333412,0.000323152539737385,0.0165890641233652,0.0652717943378639,0.494231229549905,0.505768770450095,0,"Republican"
"OK_22",4019800,0.237181451813523,0.100810239315389,0.133080501517488,0.132474749987562,0.113649932832479,0.118119309418379,0.16468381511518,0.035485906233454,0.0689309585625113,0.305712850239803,0.22064595600158,0.0840395153808085,0.186185925510899,0.098998888070944,0.302749369114336,0.492245408803398,0.205005222082266,0.156573504011232,0.843426495988768,0.651695109209413,0.06822428976566,0.0747830737847654,0.0233302651873228,0.00197870540822926,0.0362097616796856,0.143778794964924,0.498580775162943,0.501419224837057,0,"Republican"
"PA_22",12972008,0.202139714992467,0.0923608742763649,0.129303111746462,0.125159651458741,0.118829945217425,0.136473397179527,0.195733305129013,0.0277477167193488,0.0503914882234468,0.32995262979384,0.152343094387256,0.0888457981342135,0.207555412389158,0.143163860352737,0.344057880621219,0.480609391278636,0.175332728100145,0.11816264148247,0.88183735851753,0.744363709920623,0.104935488784774,0.00267398848351003,0.0379016880038927,0.000247147550325285,0.0377059588615733,0.0721720183953016,0.493356926699398,0.506643073300602,0,"Democratic"
"SC_22",5282634,0.211474427340603,0.094757653095028,0.125630887924471,0.126436925215716,0.119323996324561,0.13144522221301,0.190930887886611,0.0278622573686425,0.0673659630409597,0.277152419614933,0.201047389275952,0.100643342477684,0.197949369727378,0.127979258494451,0.321211836542978,0.492994306269977,0.185793857187045,0.139555134304804,0.860444865695196,0.636360951752478,0.250825629789987,0.00385792390689947,0.0171423952520655,0.000435578160440417,0.0275629543897987,0.0638145667483305,0.486482500964481,0.513517499035519,0,"Republican"
"UT_22",3380800,0.275258222905821,0.120472964978703,0.146348793185045,0.13642244439186,0.110386594888784,0.0917016682442026,0.119409311405584,0.029923951692486,0.0398955021067966,0.220008497673909,0.231154352218794,0.0996332685891512,0.2473014011372,0.132083026581664,0.317306286905387,0.553340484959641,0.129353228134971,0.0820174985401863,0.917982501459814,0.792271060104117,0.0111254732607667,0.0101851632749645,0.0249420255560814,0.0110447231424515,0.0622657359204922,0.0881658187411264,0.507606779460483,0.492393220539517,0,"Republican"
"VT_22",647064,0.175769321118158,0.101515460603588,0.119794950731303,0.12391200870393,0.117133699294042,0.145780015578057,0.216094543970921,0.0164847971636483,0.0336987830460415,0.260416599842187,0.158640244802125,0.0884585036021067,0.245129297348618,0.197171774195273,0.319639504453891,0.497214401786246,0.183146093759863,0.104297581509996,0.895702418490004,0.908791093307617,0.00976719458971601,0.00200289306776455,0.018098673392431,9.11810887331083e-05,0.00640894872841017,0.0548400158253279,0.495620216856447,0.504379783143553,0,"Democratic"
"WA_22",7785786,0.211157486219118,0.0862533339601166,0.151082626725163,0.143291634267883,0.120326322865797,0.119743465849177,0.168145130112746,0.0351103586718533,0.0432221145480913,0.215060155836825,0.212242530404231,0.0995567079795306,0.238145745436783,0.156662387122686,0.326696306909554,0.503488068305858,0.169815624784588,0.0997741627614637,0.900225837238536,0.658828793907256,0.0397503861524064,0.0127547815981585,0.0979141990288456,0.00694689014057155,0.0579724384924014,0.12583251068036,0.504818781302235,0.495181218697765,1,"Democratic"
"WI_22",5892539,0.210737680310644,0.0954187999434539,0.124518310358234,0.126090467962961,0.1175228539005,0.138630223745655,0.187081663778551,0.0243238351473646,0.040858260975908,0.295740491622845,0.195319799437446,0.111503485385838,0.216594839183074,0.115659288247524,0.33408509933802,0.498093845968493,0.167821054693487,0.107050398803883,0.892949601196117,0.803970410717689,0.0597402919183055,0.00753393401384361,0.0294117696972392,0.000463637151998485,0.019566438168674,0.0793135183322503,0.502121581206336,0.497878418793664,0,"Democratic"
